file,url,position
1-packshot-by-brand--abel-cobalt-amber-50ml-1.webp,https://studiorxch.github.io/cdn/staging_flat/1-packshot-by-brand--abel-cobalt-amber-50ml-1.webp,1
1-packshot-by-brand--abel-cobaltamber-bottle-1.webp,https://studiorxch.github.io/cdn/staging_flat/1-packshot-by-brand--abel-cobaltamber-bottle-1.webp,1
1-packshot-by-brand--abel-cyan-nori-50ml-1.webp,https://studiorxch.github.io/cdn/staging_flat/1-packshot-by-brand--abel-cyan-nori-50ml-1.webp,1
1-packshot-by-brand--abel-cyannori-bottle-1.webp,https://studiorxch.github.io/cdn/staging_flat/1-packshot-by-brand--abel-cyannori-bottle-1.webp,1
1-packshot-by-brand--abel-green-cedar-50ml-1.webp,https://studiorxch.github.io/cdn/staging_flat/1-packshot-by-brand--abel-green-cedar-50ml-1.webp,1
1-packshot-by-brand--abel-greencedar-bottle-1.webp,https://studiorxch.github.io/cdn/staging_flat/1-packshot-by-brand--abel-greencedar-bottle-1.webp,1
1-packshot-by-brand--abel-laundry-day-50ml-1.webp,https://studiorxch.github.io/cdn/staging_flat/1-packshot-by-brand--abel-laundry-day-50ml-1.webp,1
1-packshot-by-brand--abel-laundry-day50ml-1.webp,https://studiorxch.github.io/cdn/staging_flat/1-packshot-by-brand--abel-laundry-day50ml-1.webp,1
1-packshot-by-brand--abel-laundryday-bottle-1.webp,https://studiorxch.github.io/cdn/staging_flat/1-packshot-by-brand--abel-laundryday-bottle-1.webp,1
1-packshot-by-brand--abel-the-apartment-50ml-1.webp,https://studiorxch.github.io/cdn/staging_flat/1-packshot-by-brand--abel-the-apartment-50ml-1.webp,1
1-packshot-by-brand--abel-the-apartment-bottle-1.webp,https://studiorxch.github.io/cdn/staging_flat/1-packshot-by-brand--abel-the-apartment-bottle-1.webp,1
1-packshot-by-brand--cdlp-m-boxer-brief-black-1.webp,https://studiorxch.github.io/cdn/staging_flat/1-packshot-by-brand--cdlp-m-boxer-brief-black-1.webp,1
1-packshot-by-brand--cdlp-m-boxer-brief-white-1.webp,https://studiorxch.github.io/cdn/staging_flat/1-packshot-by-brand--cdlp-m-boxer-brief-white-1.webp,1
1-packshot-by-brand--cdlp-m-boxer-brief-white-1b.webp,https://studiorxch.github.io/cdn/staging_flat/1-packshot-by-brand--cdlp-m-boxer-brief-white-1b.webp,
1-packshot-by-brand--cdlp-m-boxer-brief-white-3b.webp,https://studiorxch.github.io/cdn/staging_flat/1-packshot-by-brand--cdlp-m-boxer-brief-white-3b.webp,
1-packshot-by-brand--cdlp-m-boxer-trunk-black-1.webp,https://studiorxch.github.io/cdn/staging_flat/1-packshot-by-brand--cdlp-m-boxer-trunk-black-1.webp,1
1-packshot-by-brand--cdlp-m-boxer-trunk-black-1b.webp,https://studiorxch.github.io/cdn/staging_flat/1-packshot-by-brand--cdlp-m-boxer-trunk-black-1b.webp,
1-packshot-by-brand--cdlp-m-boxer-trunk-black-2b.webp,https://studiorxch.github.io/cdn/staging_flat/1-packshot-by-brand--cdlp-m-boxer-trunk-black-2b.webp,
1-packshot-by-brand--cdlp-m-boxer-trunk-black-3b.webp,https://studiorxch.github.io/cdn/staging_flat/1-packshot-by-brand--cdlp-m-boxer-trunk-black-3b.webp,
1-packshot-by-brand--cdlp-m-boxer-trunk-black-4b.webp,https://studiorxch.github.io/cdn/staging_flat/1-packshot-by-brand--cdlp-m-boxer-trunk-black-4b.webp,
1-packshot-by-brand--cdlp-m-swim-briefs-botanicalslate-1.webp,https://studiorxch.github.io/cdn/staging_flat/1-packshot-by-brand--cdlp-m-swim-briefs-botanicalslate-1.webp,1
1-packshot-by-brand--cdlp-m-swim-briefs-boxcut-botanicalmoss-1.webp,https://studiorxch.github.io/cdn/staging_flat/1-packshot-by-brand--cdlp-m-swim-briefs-boxcut-botanicalmoss-1.webp,1
1-packshot-by-brand--cdlp-m-swim-briefs-boxcut-botanicalmoss-1b.webp,https://studiorxch.github.io/cdn/staging_flat/1-packshot-by-brand--cdlp-m-swim-briefs-boxcut-botanicalmoss-1b.webp,
1-packshot-by-brand--cdlp-m-y-brief-black-1.webp,https://studiorxch.github.io/cdn/staging_flat/1-packshot-by-brand--cdlp-m-y-brief-black-1.webp,1
1-packshot-by-brand--cdlp-m-y-brief-black-1b.webp,https://studiorxch.github.io/cdn/staging_flat/1-packshot-by-brand--cdlp-m-y-brief-black-1b.webp,
1-packshot-by-brand--cdlp-m-y-brief-black-2b.webp,https://studiorxch.github.io/cdn/staging_flat/1-packshot-by-brand--cdlp-m-y-brief-black-2b.webp,
1-packshot-by-brand--cdlp-m-y-brief-black-3b.webp,https://studiorxch.github.io/cdn/staging_flat/1-packshot-by-brand--cdlp-m-y-brief-black-3b.webp,
1-packshot-by-brand--cdlp-m-y-brief-black-4b.webp,https://studiorxch.github.io/cdn/staging_flat/1-packshot-by-brand--cdlp-m-y-brief-black-4b.webp,
1-packshot-by-brand--cdlp-w-racer-swimsuit-black-1.webp,https://studiorxch.github.io/cdn/staging_flat/1-packshot-by-brand--cdlp-w-racer-swimsuit-black-1.webp,1
1-packshot-by-brand--cdlp-w-racer-swimsuit-black-1b.webp,https://studiorxch.github.io/cdn/staging_flat/1-packshot-by-brand--cdlp-w-racer-swimsuit-black-1b.webp,
1-packshot-by-brand--cdlp-w-racer-swimsuit-black-2b.webp,https://studiorxch.github.io/cdn/staging_flat/1-packshot-by-brand--cdlp-w-racer-swimsuit-black-2b.webp,
1-packshot-by-brand--cdlp-w-racer-swimsuit-poppyred-1.webp,https://studiorxch.github.io/cdn/staging_flat/1-packshot-by-brand--cdlp-w-racer-swimsuit-poppyred-1.webp,1
1-packshot-by-brand--cdlp-w-scoop-bralette-black-1.webp,https://studiorxch.github.io/cdn/staging_flat/1-packshot-by-brand--cdlp-w-scoop-bralette-black-1.webp,1
1-packshot-by-brand--cdlp-w-scoop-bralette-black-1b.webp,https://studiorxch.github.io/cdn/staging_flat/1-packshot-by-brand--cdlp-w-scoop-bralette-black-1b.webp,
1-packshot-by-brand--cdlp-w-scoop-bralette-black-2b.webp,https://studiorxch.github.io/cdn/staging_flat/1-packshot-by-brand--cdlp-w-scoop-bralette-black-2b.webp,
1-packshot-by-brand--cdlp-w-scoop-bralette-black-3b.webp,https://studiorxch.github.io/cdn/staging_flat/1-packshot-by-brand--cdlp-w-scoop-bralette-black-3b.webp,
1-packshot-by-brand--cdlp-w-scoop-bralette-black-4b.webp,https://studiorxch.github.io/cdn/staging_flat/1-packshot-by-brand--cdlp-w-scoop-bralette-black-4b.webp,
1-packshot-by-brand--cdlp-w-scoop-bralette-white-1.webp,https://studiorxch.github.io/cdn/staging_flat/1-packshot-by-brand--cdlp-w-scoop-bralette-white-1.webp,1
1-packshot-by-brand--cdlp-w-scoop-bralette-white-1b.webp,https://studiorxch.github.io/cdn/staging_flat/1-packshot-by-brand--cdlp-w-scoop-bralette-white-1b.webp,
1-packshot-by-brand--cdlp-w-square-neck-thong-swimsuits-slate-3b.webp,https://studiorxch.github.io/cdn/staging_flat/1-packshot-by-brand--cdlp-w-square-neck-thong-swimsuits-slate-3b.webp,
1-packshot-by-brand--cdlp-w-square-neck-thong-swimsuits-slate-4b.webp,https://studiorxch.github.io/cdn/staging_flat/1-packshot-by-brand--cdlp-w-square-neck-thong-swimsuits-slate-4b.webp,
1-packshot-by-brand--cdlp-w-swim-briefs-black-1.webp,https://studiorxch.github.io/cdn/staging_flat/1-packshot-by-brand--cdlp-w-swim-briefs-black-1.webp,1
1-packshot-by-brand--cdlp-w-swim-briefs-black-1b.webp,https://studiorxch.github.io/cdn/staging_flat/1-packshot-by-brand--cdlp-w-swim-briefs-black-1b.webp,
1-packshot-by-brand--cdlp-w-swim-briefs-black-2b.webp,https://studiorxch.github.io/cdn/staging_flat/1-packshot-by-brand--cdlp-w-swim-briefs-black-2b.webp,
1-packshot-by-brand--cdlp-w-thong-swimsuit-slate-1.webp,https://studiorxch.github.io/cdn/staging_flat/1-packshot-by-brand--cdlp-w-thong-swimsuit-slate-1.webp,1
1-packshot-by-brand--cdlp-w-triangle-bikini-top-black-1.webp,https://studiorxch.github.io/cdn/staging_flat/1-packshot-by-brand--cdlp-w-triangle-bikini-top-black-1.webp,1
1-packshot-by-brand--cdlp-w-triangle-bikini-top-black-1b.webp,https://studiorxch.github.io/cdn/staging_flat/1-packshot-by-brand--cdlp-w-triangle-bikini-top-black-1b.webp,
1-packshot-by-brand--cdlp-w-triangle-bikini-top-black-2b.webp,https://studiorxch.github.io/cdn/staging_flat/1-packshot-by-brand--cdlp-w-triangle-bikini-top-black-2b.webp,
1-packshot-by-brand--cdlp-w-triangle-bikini-top-black-3b.webp,https://studiorxch.github.io/cdn/staging_flat/1-packshot-by-brand--cdlp-w-triangle-bikini-top-black-3b.webp,
1-packshot-by-brand--cdlp-w-y-brief-black-1.webp,https://studiorxch.github.io/cdn/staging_flat/1-packshot-by-brand--cdlp-w-y-brief-black-1.webp,1
1-packshot-by-brand--cdlp-w-y-brief-black-1b.webp,https://studiorxch.github.io/cdn/staging_flat/1-packshot-by-brand--cdlp-w-y-brief-black-1b.webp,
1-packshot-by-brand--cdlp-w-y-brief-black-3b.webp,https://studiorxch.github.io/cdn/staging_flat/1-packshot-by-brand--cdlp-w-y-brief-black-3b.webp,
1-packshot-by-brand--cdlp-w-y-brief-black-4b.webp,https://studiorxch.github.io/cdn/staging_flat/1-packshot-by-brand--cdlp-w-y-brief-black-4b.webp,
1-packshot-by-brand--cdlp-w-y-brief-black-5b.webp,https://studiorxch.github.io/cdn/staging_flat/1-packshot-by-brand--cdlp-w-y-brief-black-5b.webp,
1-packshot-by-brand--cdlp-w-y-brief-black-6b.webp,https://studiorxch.github.io/cdn/staging_flat/1-packshot-by-brand--cdlp-w-y-brief-black-6b.webp,
1-packshot-by-brand--cdlp-w-y-brief-white-1.webp,https://studiorxch.github.io/cdn/staging_flat/1-packshot-by-brand--cdlp-w-y-brief-white-1.webp,1
1-packshot-by-brand--cdlp-w-y-brief-white-1b.webp,https://studiorxch.github.io/cdn/staging_flat/1-packshot-by-brand--cdlp-w-y-brief-white-1b.webp,
1-packshot-by-brand--cdlp-w-y-brief-white-2b.webp,https://studiorxch.github.io/cdn/staging_flat/1-packshot-by-brand--cdlp-w-y-brief-white-2b.webp,
1-packshot-by-brand--cdlp-w-y-brief-white-3b.webp,https://studiorxch.github.io/cdn/staging_flat/1-packshot-by-brand--cdlp-w-y-brief-white-3b.webp,
1-packshot-by-brand--cdlp-w-y-brief-white-4b.webp,https://studiorxch.github.io/cdn/staging_flat/1-packshot-by-brand--cdlp-w-y-brief-white-4b.webp,
1-packshot-by-brand--cdlp-w-y-brief-white-5b.webp,https://studiorxch.github.io/cdn/staging_flat/1-packshot-by-brand--cdlp-w-y-brief-white-5b.webp,
1-packshot-by-brand--cdlp-w-y-brief-white-6b.webp,https://studiorxch.github.io/cdn/staging_flat/1-packshot-by-brand--cdlp-w-y-brief-white-6b.webp,
1-packshot-by-brand--cdlp-w-y-brief-white-7b.webp,https://studiorxch.github.io/cdn/staging_flat/1-packshot-by-brand--cdlp-w-y-brief-white-7b.webp,
1-packshot-by-brand--cdlp-w-y-brief-white-8b.webp,https://studiorxch.github.io/cdn/staging_flat/1-packshot-by-brand--cdlp-w-y-brief-white-8b.webp,
1-packshot-by-brand--jem-10mm-earrings-paved-with-28-diamonds-unit-1--1.webp,https://studiorxch.github.io/cdn/staging_flat/1-packshot-by-brand--jem-10mm-earrings-paved-with-28-diamonds-unit-1--1.webp,1
1-packshot-by-brand--jem-10mm-earrings-paved-with-28-diamonds-unit-2.webp,https://studiorxch.github.io/cdn/staging_flat/1-packshot-by-brand--jem-10mm-earrings-paved-with-28-diamonds-unit-2.webp,2
1-packshot-by-brand--jem-10mm-earrings-unit-18k-white-gold-1.webp,https://studiorxch.github.io/cdn/staging_flat/1-packshot-by-brand--jem-10mm-earrings-unit-18k-white-gold-1.webp,1
1-packshot-by-brand--jem-10mm-earrings-unit-18k-white-gold-2.webp,https://studiorxch.github.io/cdn/staging_flat/1-packshot-by-brand--jem-10mm-earrings-unit-18k-white-gold-2.webp,2
1-packshot-by-brand--jem-11mm-ring-18k-yellow-gold-1.webp,https://studiorxch.github.io/cdn/staging_flat/1-packshot-by-brand--jem-11mm-ring-18k-yellow-gold-1.webp,1
1-packshot-by-brand--jem-11mm-ring-18k-yellow-gold-2.webp,https://studiorxch.github.io/cdn/staging_flat/1-packshot-by-brand--jem-11mm-ring-18k-yellow-gold-2.webp,2
1-packshot-by-brand--jem-11mm-ring-18k-yellow-gold-3.webp,https://studiorxch.github.io/cdn/staging_flat/1-packshot-by-brand--jem-11mm-ring-18k-yellow-gold-3.webp,3
1-packshot-by-brand--jem-c08-bw10-octagone-string-bracelet-18k-white-gold-1.webp,https://studiorxch.github.io/cdn/staging_flat/1-packshot-by-brand--jem-c08-bw10-octagone-string-bracelet-18k-white-gold-1.webp,1
1-packshot-by-brand--jem-crossed-ring-18k-yellow-gold-1.webp,https://studiorxch.github.io/cdn/staging_flat/1-packshot-by-brand--jem-crossed-ring-18k-yellow-gold-1.webp,1
1-packshot-by-brand--jem-crossed-ring-18k-yellow-gold-2.webp,https://studiorxch.github.io/cdn/staging_flat/1-packshot-by-brand--jem-crossed-ring-18k-yellow-gold-2.webp,2
1-packshot-by-brand--jem-crossed-ring-18k-yellow-gold-3.webp,https://studiorxch.github.io/cdn/staging_flat/1-packshot-by-brand--jem-crossed-ring-18k-yellow-gold-3.webp,3
1-packshot-by-brand--jem-pendant-with-10mm-ring-18k-yellow-gold-1.webp,https://studiorxch.github.io/cdn/staging_flat/1-packshot-by-brand--jem-pendant-with-10mm-ring-18k-yellow-gold-1.webp,1
1-packshot-by-brand--jem-pendant-with-10mm-ring-18k-yellow-gold-2--1.webp,https://studiorxch.github.io/cdn/staging_flat/1-packshot-by-brand--jem-pendant-with-10mm-ring-18k-yellow-gold-2--1.webp,1
1-packshot-by-brand--jem-pendant-with-10mm-ring-paved-with-20-diamonds-1.webp,https://studiorxch.github.io/cdn/staging_flat/1-packshot-by-brand--jem-pendant-with-10mm-ring-paved-with-20-diamonds-1.webp,1
1-packshot-by-brand--jem-string-bracelet-18k-white-gold-1.webp,https://studiorxch.github.io/cdn/staging_flat/1-packshot-by-brand--jem-string-bracelet-18k-white-gold-1.webp,1
1-packshot-by-brand--jem-string-bracelet-18k-white-gold-2.webp,https://studiorxch.github.io/cdn/staging_flat/1-packshot-by-brand--jem-string-bracelet-18k-white-gold-2.webp,2
1-packshot-by-brand--pattaraphan-chata-ring-gold-main-1.webp,https://studiorxch.github.io/cdn/staging_flat/1-packshot-by-brand--pattaraphan-chata-ring-gold-main-1.webp,1
1-packshot-by-brand--pattaraphan-chata-ring-gold-perspective-1.webp,https://studiorxch.github.io/cdn/staging_flat/1-packshot-by-brand--pattaraphan-chata-ring-gold-perspective-1.webp,1
1-packshot-by-brand--pattaraphan-classic-locket-necklace-gold-main-1.webp,https://studiorxch.github.io/cdn/staging_flat/1-packshot-by-brand--pattaraphan-classic-locket-necklace-gold-main-1.webp,1
1-packshot-by-brand--pattaraphan-classic-locket-necklace-gold-perspective-1.webp,https://studiorxch.github.io/cdn/staging_flat/1-packshot-by-brand--pattaraphan-classic-locket-necklace-gold-perspective-1.webp,1
1-packshot-by-brand--pattaraphan-classic-locket-necklace-gold-perspective-2.webp,https://studiorxch.github.io/cdn/staging_flat/1-packshot-by-brand--pattaraphan-classic-locket-necklace-gold-perspective-2.webp,2
1-packshot-by-brand--pattaraphan-classic-locket-necklace-silver-main-1.webp,https://studiorxch.github.io/cdn/staging_flat/1-packshot-by-brand--pattaraphan-classic-locket-necklace-silver-main-1.webp,1
1-packshot-by-brand--pattaraphan-classic-locket-necklace-silver-perspective-1.webp,https://studiorxch.github.io/cdn/staging_flat/1-packshot-by-brand--pattaraphan-classic-locket-necklace-silver-perspective-1.webp,1
1-packshot-by-brand--pattaraphan-classic-locket-necklace-silver-perspective-2.webp,https://studiorxch.github.io/cdn/staging_flat/1-packshot-by-brand--pattaraphan-classic-locket-necklace-silver-perspective-2.webp,2
1-packshot-by-brand--pattaraphan-pressure-pendant-necklace-gold-main-1.webp,https://studiorxch.github.io/cdn/staging_flat/1-packshot-by-brand--pattaraphan-pressure-pendant-necklace-gold-main-1.webp,1
1-packshot-by-brand--pattaraphan-pressure-pendant-necklace-gold-perspective-1.webp,https://studiorxch.github.io/cdn/staging_flat/1-packshot-by-brand--pattaraphan-pressure-pendant-necklace-gold-perspective-1.webp,1
1-packshot-by-brand--pattaraphan-pressure-pendant-necklace-silver-main-1.webp,https://studiorxch.github.io/cdn/staging_flat/1-packshot-by-brand--pattaraphan-pressure-pendant-necklace-silver-main-1.webp,1
1-packshot-by-brand--pattaraphan-pressure-pendant-necklace-silver-perspective-1.webp,https://studiorxch.github.io/cdn/staging_flat/1-packshot-by-brand--pattaraphan-pressure-pendant-necklace-silver-perspective-1.webp,1
1-packshot-by-brand--pattaraphan-pressurized-earrings-gold-main-1.webp,https://studiorxch.github.io/cdn/staging_flat/1-packshot-by-brand--pattaraphan-pressurized-earrings-gold-main-1.webp,1
1-packshot-by-brand--pattaraphan-pressurized-earrings-silver-main-1.webp,https://studiorxch.github.io/cdn/staging_flat/1-packshot-by-brand--pattaraphan-pressurized-earrings-silver-main-1.webp,1
1-packshot-by-brand--pattaraphan-tusk-ear-cuff-gold-main-1.webp,https://studiorxch.github.io/cdn/staging_flat/1-packshot-by-brand--pattaraphan-tusk-ear-cuff-gold-main-1.webp,1
1-packshot-by-brand--pattaraphan-tusk-ear-cuff-gold-perspective-1.webp,https://studiorxch.github.io/cdn/staging_flat/1-packshot-by-brand--pattaraphan-tusk-ear-cuff-gold-perspective-1.webp,1
1-packshot-by-brand--pattaraphan-tusk-ear-cuff-gold-perspective-2.webp,https://studiorxch.github.io/cdn/staging_flat/1-packshot-by-brand--pattaraphan-tusk-ear-cuff-gold-perspective-2.webp,2
1-packshot-by-brand--pattaraphan-tusk-ear-cuff-silver-main-1.webp,https://studiorxch.github.io/cdn/staging_flat/1-packshot-by-brand--pattaraphan-tusk-ear-cuff-silver-main-1.webp,1
1-packshot-by-brand--pattaraphan-tusk-ear-cuff-silver-perspective-1.webp,https://studiorxch.github.io/cdn/staging_flat/1-packshot-by-brand--pattaraphan-tusk-ear-cuff-silver-perspective-1.webp,1
1-packshot-by-brand--pattaraphan-tusk-ear-cuff-silver-perspective-2.webp,https://studiorxch.github.io/cdn/staging_flat/1-packshot-by-brand--pattaraphan-tusk-ear-cuff-silver-perspective-2.webp,2
1-packshot-by-brand--quest-paris-jockstrap-black-1.webp,https://studiorxch.github.io/cdn/staging_flat/1-packshot-by-brand--quest-paris-jockstrap-black-1.webp,1
1-packshot-by-brand--quest-paris-jockstrap-white-1.webp,https://studiorxch.github.io/cdn/staging_flat/1-packshot-by-brand--quest-paris-jockstrap-white-1.webp,1
1-packshot-by-brand--quest-paris-singlet-black-1.webp,https://studiorxch.github.io/cdn/staging_flat/1-packshot-by-brand--quest-paris-singlet-black-1.webp,1
1-packshot-by-brand--quest-paris-singlet-black-2.webp,https://studiorxch.github.io/cdn/staging_flat/1-packshot-by-brand--quest-paris-singlet-black-2.webp,2
1-packshot-by-brand--quest-paris-singlet-white-1.webp,https://studiorxch.github.io/cdn/staging_flat/1-packshot-by-brand--quest-paris-singlet-white-1.webp,1
1-packshot-by-brand--quest-paris-singlet-white-2.webp,https://studiorxch.github.io/cdn/staging_flat/1-packshot-by-brand--quest-paris-singlet-white-2.webp,2
1-packshot-by-brand--quest-paris-tanktop-white-1.webp,https://studiorxch.github.io/cdn/staging_flat/1-packshot-by-brand--quest-paris-tanktop-white-1.webp,1
1-packshot-by-brand--quest-paris-tanktop-white-2.webp,https://studiorxch.github.io/cdn/staging_flat/1-packshot-by-brand--quest-paris-tanktop-white-2.webp,2
1-packshot-by-brand--saskiadiez-crystal-chunky-bracelet-1.webp,https://studiorxch.github.io/cdn/staging_flat/1-packshot-by-brand--saskiadiez-crystal-chunky-bracelet-1.webp,1
1-packshot-by-brand--saskiadiez-crystal-chunky-bracelet-2.webp,https://studiorxch.github.io/cdn/staging_flat/1-packshot-by-brand--saskiadiez-crystal-chunky-bracelet-2.webp,2
1-packshot-by-brand--saskiadiez-crystal-chunky-bracelet-3.webp,https://studiorxch.github.io/cdn/staging_flat/1-packshot-by-brand--saskiadiez-crystal-chunky-bracelet-3.webp,3
1-packshot-by-brand--saskiadiez-crystal-chunky-necklace-1.webp,https://studiorxch.github.io/cdn/staging_flat/1-packshot-by-brand--saskiadiez-crystal-chunky-necklace-1.webp,1
1-packshot-by-brand--saskiadiez-crystal-chunky-necklace-2.webp,https://studiorxch.github.io/cdn/staging_flat/1-packshot-by-brand--saskiadiez-crystal-chunky-necklace-2.webp,2
1-packshot-by-brand--saskiadiez-crystal-chunky-necklace-3.webp,https://studiorxch.github.io/cdn/staging_flat/1-packshot-by-brand--saskiadiez-crystal-chunky-necklace-3.webp,3
1-packshot-by-brand--saskiadiez-fringe-mixed-bracelet-1.webp,https://studiorxch.github.io/cdn/staging_flat/1-packshot-by-brand--saskiadiez-fringe-mixed-bracelet-1.webp,1
1-packshot-by-brand--saskiadiez-fringemixed-bracelet-12.webp,https://studiorxch.github.io/cdn/staging_flat/1-packshot-by-brand--saskiadiez-fringemixed-bracelet-12.webp,12
1-packshot-by-brand--saskiadiez-fringemixed-bracelet-13.webp,https://studiorxch.github.io/cdn/staging_flat/1-packshot-by-brand--saskiadiez-fringemixed-bracelet-13.webp,13
1-packshot-by-brand--saskiadiez-fringemixed-bracelet-15.webp,https://studiorxch.github.io/cdn/staging_flat/1-packshot-by-brand--saskiadiez-fringemixed-bracelet-15.webp,15
1-packshot-by-brand--saskiadiez-fringemixed-bracelet-2.webp,https://studiorxch.github.io/cdn/staging_flat/1-packshot-by-brand--saskiadiez-fringemixed-bracelet-2.webp,2
1-packshot-by-brand--saskiadiez-fringemixed-bracelet-5.webp,https://studiorxch.github.io/cdn/staging_flat/1-packshot-by-brand--saskiadiez-fringemixed-bracelet-5.webp,5
1-packshot-by-brand--saskiadiez-fringemixrd-bracelet-14.webp,https://studiorxch.github.io/cdn/staging_flat/1-packshot-by-brand--saskiadiez-fringemixrd-bracelet-14.webp,14
1-packshot-by-brand--saskiadiez-glitz-necklace-choker-snap-1.webp,https://studiorxch.github.io/cdn/staging_flat/1-packshot-by-brand--saskiadiez-glitz-necklace-choker-snap-1.webp,1
1-packshot-by-brand--saskiadiez-glitz-necklace-choker-snap-2.webp,https://studiorxch.github.io/cdn/staging_flat/1-packshot-by-brand--saskiadiez-glitz-necklace-choker-snap-2.webp,2
1-packshot-by-brand--saskiadiez-glitz-necklace-choker-snap-3.webp,https://studiorxch.github.io/cdn/staging_flat/1-packshot-by-brand--saskiadiez-glitz-necklace-choker-snap-3.webp,3
1-packshot-by-brand--saskiadiez-glitz-ring-men-1.webp,https://studiorxch.github.io/cdn/staging_flat/1-packshot-by-brand--saskiadiez-glitz-ring-men-1.webp,1
1-packshot-by-brand--saskiadiez-glitz-ring-men-2.webp,https://studiorxch.github.io/cdn/staging_flat/1-packshot-by-brand--saskiadiez-glitz-ring-men-2.webp,2
1-packshot-by-brand--saskiadiez-glitz-ring-men-3.webp,https://studiorxch.github.io/cdn/staging_flat/1-packshot-by-brand--saskiadiez-glitz-ring-men-3.webp,3
1-packshot-by-brand--saskiadiez-glitz-ring-men-4.webp,https://studiorxch.github.io/cdn/staging_flat/1-packshot-by-brand--saskiadiez-glitz-ring-men-4.webp,4
1-packshot-by-brand--saskiadiez-glitz-ring-men-and-bracelet-1.webp,https://studiorxch.github.io/cdn/staging_flat/1-packshot-by-brand--saskiadiez-glitz-ring-men-and-bracelet-1.webp,1
1-packshot-by-brand--saskiadiez-glitz-ring-men-and-bracelet-2.webp,https://studiorxch.github.io/cdn/staging_flat/1-packshot-by-brand--saskiadiez-glitz-ring-men-and-bracelet-2.webp,2
1-packshot-by-brand--saskiadiez-lace-body-1.webp,https://studiorxch.github.io/cdn/staging_flat/1-packshot-by-brand--saskiadiez-lace-body-1.webp,1
1-packshot-by-brand--saskiadiez-lace-body-2.webp,https://studiorxch.github.io/cdn/staging_flat/1-packshot-by-brand--saskiadiez-lace-body-2.webp,2
1-packshot-by-brand--saskiadiez-lace-body-3.webp,https://studiorxch.github.io/cdn/staging_flat/1-packshot-by-brand--saskiadiez-lace-body-3.webp,3
1-packshot-by-brand--saskiadiez-lace-body-4.webp,https://studiorxch.github.io/cdn/staging_flat/1-packshot-by-brand--saskiadiez-lace-body-4.webp,4
1-packshot-by-brand--saskiadiez-ls-hearts-lasso-1.webp,https://studiorxch.github.io/cdn/staging_flat/1-packshot-by-brand--saskiadiez-ls-hearts-lasso-1.webp,1
1-packshot-by-brand--saskiadiez-ls-hearts-lasso-2.webp,https://studiorxch.github.io/cdn/staging_flat/1-packshot-by-brand--saskiadiez-ls-hearts-lasso-2.webp,2
1-packshot-by-brand--saskiadiez-ls-hearts-lasso-3.webp,https://studiorxch.github.io/cdn/staging_flat/1-packshot-by-brand--saskiadiez-ls-hearts-lasso-3.webp,3
1-packshot-by-brand--saskiadiez-ls-hearts-lasso-4.webp,https://studiorxch.github.io/cdn/staging_flat/1-packshot-by-brand--saskiadiez-ls-hearts-lasso-4.webp,4
1-packshot-by-brand--saskiadiez-wirebold-earcuff-gold-1.webp,https://studiorxch.github.io/cdn/staging_flat/1-packshot-by-brand--saskiadiez-wirebold-earcuff-gold-1.webp,1
1-packshot-by-brand--saskiadiez-wirebold-earcuff-gold-2.webp,https://studiorxch.github.io/cdn/staging_flat/1-packshot-by-brand--saskiadiez-wirebold-earcuff-gold-2.webp,2
1-packshot-by-brand--saskiadiez-wirebold-earcuff-gold-3.webp,https://studiorxch.github.io/cdn/staging_flat/1-packshot-by-brand--saskiadiez-wirebold-earcuff-gold-3.webp,3
1-packshot-by-brand--saskiadiez-wirebold-earcuff-silver-1.webp,https://studiorxch.github.io/cdn/staging_flat/1-packshot-by-brand--saskiadiez-wirebold-earcuff-silver-1.webp,1
1-packshot-by-brand--saskiadiez-wirebold-earcuff-silver-2.webp,https://studiorxch.github.io/cdn/staging_flat/1-packshot-by-brand--saskiadiez-wirebold-earcuff-silver-2.webp,2
1-packshot-by-brand--saskiadiez-wirebold-earcuff-silver-3.webp,https://studiorxch.github.io/cdn/staging_flat/1-packshot-by-brand--saskiadiez-wirebold-earcuff-silver-3.webp,3
1-packshot-by-brand--unifrom-bliss-1.webp,https://studiorxch.github.io/cdn/staging_flat/1-packshot-by-brand--unifrom-bliss-1.webp,1
1-packshot-by-brand--unifrom-bliss-2.webp,https://studiorxch.github.io/cdn/staging_flat/1-packshot-by-brand--unifrom-bliss-2.webp,2
1-packshot-by-brand--unifrom-bottle-closeup-1.webp,https://studiorxch.github.io/cdn/staging_flat/1-packshot-by-brand--unifrom-bottle-closeup-1.webp,1
1-packshot-by-brand--unifrom-cannabloom-1.webp,https://studiorxch.github.io/cdn/staging_flat/1-packshot-by-brand--unifrom-cannabloom-1.webp,1
1-packshot-by-brand--unifrom-cannabloom-2.webp,https://studiorxch.github.io/cdn/staging_flat/1-packshot-by-brand--unifrom-cannabloom-2.webp,2
1-packshot-by-brand--unifrom-cassis-1.webp,https://studiorxch.github.io/cdn/staging_flat/1-packshot-by-brand--unifrom-cassis-1.webp,1
1-packshot-by-brand--unifrom-cassis-2.webp,https://studiorxch.github.io/cdn/staging_flat/1-packshot-by-brand--unifrom-cassis-2.webp,2
1-packshot-by-brand--unifrom-maghrib-1.webp,https://studiorxch.github.io/cdn/staging_flat/1-packshot-by-brand--unifrom-maghrib-1.webp,1
1-packshot-by-brand--unifrom-maghrib-2.webp,https://studiorxch.github.io/cdn/staging_flat/1-packshot-by-brand--unifrom-maghrib-2.webp,2
1-packshot-by-brand--unifrom-wintersaga-1.webp,https://studiorxch.github.io/cdn/staging_flat/1-packshot-by-brand--unifrom-wintersaga-1.webp,1
1-packshot-by-brand--unifrom-wintersaga-2.webp,https://studiorxch.github.io/cdn/staging_flat/1-packshot-by-brand--unifrom-wintersaga-2.webp,2
1-packshot-by-brand-nytp-needs-to-do-ourselves--adrian-pink-cowboy-speedos-1.webp,https://studiorxch.github.io/cdn/staging_flat/1-packshot-by-brand-nytp-needs-to-do-ourselves--adrian-pink-cowboy-speedos-1.webp,1
1-packshot-by-brand-nytp-needs-to-do-ourselves--adrian-pink-cowboy-speedos-2.webp,https://studiorxch.github.io/cdn/staging_flat/1-packshot-by-brand-nytp-needs-to-do-ourselves--adrian-pink-cowboy-speedos-2.webp,2
1-packshot-by-brand-nytp-needs-to-do-ourselves--adrian-pink-cowboy-speedos-3.webp,https://studiorxch.github.io/cdn/staging_flat/1-packshot-by-brand-nytp-needs-to-do-ourselves--adrian-pink-cowboy-speedos-3.webp,3
1-packshot-fa25-core-by-brand--eterne-90s-brief-black-1.webp,https://studiorxch.github.io/cdn/staging_flat/1-packshot-fa25-core-by-brand--eterne-90s-brief-black-1.webp,1
1-packshot-fa25-core-by-brand--eterne-90s-brief-black-2.webp,https://studiorxch.github.io/cdn/staging_flat/1-packshot-fa25-core-by-brand--eterne-90s-brief-black-2.webp,2
1-packshot-fa25-core-by-brand--eterne-90s-brief-black-3.webp,https://studiorxch.github.io/cdn/staging_flat/1-packshot-fa25-core-by-brand--eterne-90s-brief-black-3.webp,3
1-packshot-fa25-core-by-brand--eterne-90s-brief-black-4.webp,https://studiorxch.github.io/cdn/staging_flat/1-packshot-fa25-core-by-brand--eterne-90s-brief-black-4.webp,4
1-packshot-fa25-core-by-brand--eterne-90s-brief-ivory-1.webp,https://studiorxch.github.io/cdn/staging_flat/1-packshot-fa25-core-by-brand--eterne-90s-brief-ivory-1.webp,1
1-packshot-fa25-core-by-brand--eterne-90s-brief-ivory-2.webp,https://studiorxch.github.io/cdn/staging_flat/1-packshot-fa25-core-by-brand--eterne-90s-brief-ivory-2.webp,2
1-packshot-fa25-core-by-brand--eterne-90s-brief-ivory-3.webp,https://studiorxch.github.io/cdn/staging_flat/1-packshot-fa25-core-by-brand--eterne-90s-brief-ivory-3.webp,3
1-packshot-fa25-core-by-brand--eterne-90s-brief-ivory-4.webp,https://studiorxch.github.io/cdn/staging_flat/1-packshot-fa25-core-by-brand--eterne-90s-brief-ivory-4.webp,4
1-packshot-fa25-core-by-brand--eterne-high-neck-fitted-tank-cream-1.webp,https://studiorxch.github.io/cdn/staging_flat/1-packshot-fa25-core-by-brand--eterne-high-neck-fitted-tank-cream-1.webp,1
1-packshot-fa25-core-by-brand--eterne-high-neck-fitted-tank-cream-2.webp,https://studiorxch.github.io/cdn/staging_flat/1-packshot-fa25-core-by-brand--eterne-high-neck-fitted-tank-cream-2.webp,2
1-packshot-fa25-core-by-brand--eterne-high-neck-fitted-tank-cream-3.webp,https://studiorxch.github.io/cdn/staging_flat/1-packshot-fa25-core-by-brand--eterne-high-neck-fitted-tank-cream-3.webp,3
1-packshot-fa25-core-by-brand--eterne-high-neck-fitted-tank-cream-4.webp,https://studiorxch.github.io/cdn/staging_flat/1-packshot-fa25-core-by-brand--eterne-high-neck-fitted-tank-cream-4.webp,4
1-packshot-fa25-core-by-brand--eterne-lounge-pant-black-1.webp,https://studiorxch.github.io/cdn/staging_flat/1-packshot-fa25-core-by-brand--eterne-lounge-pant-black-1.webp,1
1-packshot-fa25-core-by-brand--eterne-lounge-pant-black-2.webp,https://studiorxch.github.io/cdn/staging_flat/1-packshot-fa25-core-by-brand--eterne-lounge-pant-black-2.webp,2
1-packshot-fa25-core-by-brand--eterne-lounge-pant-black-3.webp,https://studiorxch.github.io/cdn/staging_flat/1-packshot-fa25-core-by-brand--eterne-lounge-pant-black-3.webp,3
1-packshot-fa25-core-by-brand--eterne-lounge-pant-black-4.webp,https://studiorxch.github.io/cdn/staging_flat/1-packshot-fa25-core-by-brand--eterne-lounge-pant-black-4.webp,4
1-packshot-fa25-core-by-brand--eterne-low-rise-thong-black-1.webp,https://studiorxch.github.io/cdn/staging_flat/1-packshot-fa25-core-by-brand--eterne-low-rise-thong-black-1.webp,1
1-packshot-fa25-core-by-brand--eterne-low-rise-thong-black-2.webp,https://studiorxch.github.io/cdn/staging_flat/1-packshot-fa25-core-by-brand--eterne-low-rise-thong-black-2.webp,2
1-packshot-fa25-core-by-brand--eterne-low-rise-thong-black-3.webp,https://studiorxch.github.io/cdn/staging_flat/1-packshot-fa25-core-by-brand--eterne-low-rise-thong-black-3.webp,3
1-packshot-fa25-core-by-brand--eterne-low-rise-thong-black-4.webp,https://studiorxch.github.io/cdn/staging_flat/1-packshot-fa25-core-by-brand--eterne-low-rise-thong-black-4.webp,4
1-packshot-fa25-core-by-brand--eterne-low-rise-thong-ivory-1.webp,https://studiorxch.github.io/cdn/staging_flat/1-packshot-fa25-core-by-brand--eterne-low-rise-thong-ivory-1.webp,1
1-packshot-fa25-core-by-brand--eterne-low-rise-thong-ivory-2.webp,https://studiorxch.github.io/cdn/staging_flat/1-packshot-fa25-core-by-brand--eterne-low-rise-thong-ivory-2.webp,2
1-packshot-fa25-core-by-brand--eterne-low-rise-thong-ivory-3.webp,https://studiorxch.github.io/cdn/staging_flat/1-packshot-fa25-core-by-brand--eterne-low-rise-thong-ivory-3.webp,3
1-packshot-fa25-core-by-brand--eterne-low-rise-thong-ivory-4.webp,https://studiorxch.github.io/cdn/staging_flat/1-packshot-fa25-core-by-brand--eterne-low-rise-thong-ivory-4.webp,4
1-packshot-fa25-core-by-brand--eterne-rib-tank-black-1.webp,https://studiorxch.github.io/cdn/staging_flat/1-packshot-fa25-core-by-brand--eterne-rib-tank-black-1.webp,1
1-packshot-fa25-core-by-brand--eterne-rib-tank-black-2.webp,https://studiorxch.github.io/cdn/staging_flat/1-packshot-fa25-core-by-brand--eterne-rib-tank-black-2.webp,2
1-packshot-fa25-core-by-brand--eterne-rib-tank-black-3.webp,https://studiorxch.github.io/cdn/staging_flat/1-packshot-fa25-core-by-brand--eterne-rib-tank-black-3.webp,3
1-packshot-fa25-core-by-brand--eterne-rib-tank-black-4.webp,https://studiorxch.github.io/cdn/staging_flat/1-packshot-fa25-core-by-brand--eterne-rib-tank-black-4.webp,4
1-packshot-fa25-core-by-brand--eterne-scoop-neck-bra-black-1.webp,https://studiorxch.github.io/cdn/staging_flat/1-packshot-fa25-core-by-brand--eterne-scoop-neck-bra-black-1.webp,1
1-packshot-fa25-core-by-brand--eterne-scoop-neck-bra-black-2.webp,https://studiorxch.github.io/cdn/staging_flat/1-packshot-fa25-core-by-brand--eterne-scoop-neck-bra-black-2.webp,2
1-packshot-fa25-core-by-brand--eterne-scoop-neck-bra-black-3.webp,https://studiorxch.github.io/cdn/staging_flat/1-packshot-fa25-core-by-brand--eterne-scoop-neck-bra-black-3.webp,3
1-packshot-fa25-core-by-brand--eterne-scoop-neck-bra-black-4.webp,https://studiorxch.github.io/cdn/staging_flat/1-packshot-fa25-core-by-brand--eterne-scoop-neck-bra-black-4.webp,4
1-packshot-fa25-core-by-brand--eterne-scoop-neck-bra-ivory-1.webp,https://studiorxch.github.io/cdn/staging_flat/1-packshot-fa25-core-by-brand--eterne-scoop-neck-bra-ivory-1.webp,1
1-packshot-fa25-core-by-brand--eterne-scoop-neck-bra-ivory-2.webp,https://studiorxch.github.io/cdn/staging_flat/1-packshot-fa25-core-by-brand--eterne-scoop-neck-bra-ivory-2.webp,2
1-packshot-fa25-core-by-brand--eterne-scoop-neck-bra-ivory-3.webp,https://studiorxch.github.io/cdn/staging_flat/1-packshot-fa25-core-by-brand--eterne-scoop-neck-bra-ivory-3.webp,3
1-packshot-fa25-core-by-brand--eterne-scoop-neck-bra-ivory-4.webp,https://studiorxch.github.io/cdn/staging_flat/1-packshot-fa25-core-by-brand--eterne-scoop-neck-bra-ivory-4.webp,4
1-packshot-fa25-core-by-brand--eterne-short-sleeve-baby-tee-black-1.webp,https://studiorxch.github.io/cdn/staging_flat/1-packshot-fa25-core-by-brand--eterne-short-sleeve-baby-tee-black-1.webp,1
1-packshot-fa25-core-by-brand--eterne-short-sleeve-baby-tee-black-2.webp,https://studiorxch.github.io/cdn/staging_flat/1-packshot-fa25-core-by-brand--eterne-short-sleeve-baby-tee-black-2.webp,2
1-packshot-fa25-core-by-brand--eterne-short-sleeve-baby-tee-black-3.webp,https://studiorxch.github.io/cdn/staging_flat/1-packshot-fa25-core-by-brand--eterne-short-sleeve-baby-tee-black-3.webp,3
1-packshot-fa25-core-by-brand--eterne-short-sleeve-baby-tee-black-4.webp,https://studiorxch.github.io/cdn/staging_flat/1-packshot-fa25-core-by-brand--eterne-short-sleeve-baby-tee-black-4.webp,4
1-packshot-fa25-core-by-brand--eterne-short-sleeve-baby-tee-ivory-1.webp,https://studiorxch.github.io/cdn/staging_flat/1-packshot-fa25-core-by-brand--eterne-short-sleeve-baby-tee-ivory-1.webp,1
1-packshot-fa25-core-by-brand--eterne-short-sleeve-baby-tee-ivory-2.webp,https://studiorxch.github.io/cdn/staging_flat/1-packshot-fa25-core-by-brand--eterne-short-sleeve-baby-tee-ivory-2.webp,2
1-packshot-fa25-core-by-brand--eterne-short-sleeve-baby-tee-ivory-3.webp,https://studiorxch.github.io/cdn/staging_flat/1-packshot-fa25-core-by-brand--eterne-short-sleeve-baby-tee-ivory-3.webp,3
1-packshot-fa25-core-by-brand--eterne-short-sleeve-baby-tee-ivory-4.webp,https://studiorxch.github.io/cdn/staging_flat/1-packshot-fa25-core-by-brand--eterne-short-sleeve-baby-tee-ivory-4.webp,4
1-packshot-fa25-core-by-brand--eterne-short-sleeve-baby-tee-ivory-5.webp,https://studiorxch.github.io/cdn/staging_flat/1-packshot-fa25-core-by-brand--eterne-short-sleeve-baby-tee-ivory-5.webp,5
1-packshot-fa25-core-by-brand--eterne-tank-bodysuit-black-1.webp,https://studiorxch.github.io/cdn/staging_flat/1-packshot-fa25-core-by-brand--eterne-tank-bodysuit-black-1.webp,1
1-packshot-fa25-core-by-brand--eterne-tank-bodysuit-black-2.webp,https://studiorxch.github.io/cdn/staging_flat/1-packshot-fa25-core-by-brand--eterne-tank-bodysuit-black-2.webp,2
1-packshot-fa25-core-by-brand--eterne-tank-bodysuit-black-3.webp,https://studiorxch.github.io/cdn/staging_flat/1-packshot-fa25-core-by-brand--eterne-tank-bodysuit-black-3.webp,3
1-packshot-fa25-core-by-brand--eterne-tank-bodysuit-black-4.webp,https://studiorxch.github.io/cdn/staging_flat/1-packshot-fa25-core-by-brand--eterne-tank-bodysuit-black-4.webp,4
1-packshot-fa25-core-by-brand--eterne-triangle-bra-black-1.webp,https://studiorxch.github.io/cdn/staging_flat/1-packshot-fa25-core-by-brand--eterne-triangle-bra-black-1.webp,1
1-packshot-fa25-core-by-brand--eterne-triangle-bra-black-2.webp,https://studiorxch.github.io/cdn/staging_flat/1-packshot-fa25-core-by-brand--eterne-triangle-bra-black-2.webp,2
1-packshot-fa25-core-by-brand--eterne-triangle-bra-black-3.webp,https://studiorxch.github.io/cdn/staging_flat/1-packshot-fa25-core-by-brand--eterne-triangle-bra-black-3.webp,3
1-packshot-fa25-core-by-brand--eterne-triangle-bra-black-4.webp,https://studiorxch.github.io/cdn/staging_flat/1-packshot-fa25-core-by-brand--eterne-triangle-bra-black-4.webp,4
1-packshot-fa25-core-by-brand--eterne-triangle-bra-ivory-1.webp,https://studiorxch.github.io/cdn/staging_flat/1-packshot-fa25-core-by-brand--eterne-triangle-bra-ivory-1.webp,1
1-packshot-fa25-core-by-brand--eterne-triangle-bra-ivory-2.webp,https://studiorxch.github.io/cdn/staging_flat/1-packshot-fa25-core-by-brand--eterne-triangle-bra-ivory-2.webp,2
1-packshot-fa25-core-by-brand--eterne-triangle-bra-ivory-3.webp,https://studiorxch.github.io/cdn/staging_flat/1-packshot-fa25-core-by-brand--eterne-triangle-bra-ivory-3.webp,3
1-packshot-fa25-core-by-brand--eterne-triangle-bra-ivory-4.webp,https://studiorxch.github.io/cdn/staging_flat/1-packshot-fa25-core-by-brand--eterne-triangle-bra-ivory-4.webp,4
1-packshot-provided-by-brand--monies-anora-earing-1.webp,https://studiorxch.github.io/cdn/staging_flat/1-packshot-provided-by-brand--monies-anora-earing-1.webp,1
1-packshot-provided-by-brand--monies-anora-earing-2.webp,https://studiorxch.github.io/cdn/staging_flat/1-packshot-provided-by-brand--monies-anora-earing-2.webp,2
1-packshot-provided-by-brand--monies-arashi-necklace-1.webp,https://studiorxch.github.io/cdn/staging_flat/1-packshot-provided-by-brand--monies-arashi-necklace-1.webp,1
1-packshot-provided-by-brand--monies-arashi-necklace-2.webp,https://studiorxch.github.io/cdn/staging_flat/1-packshot-provided-by-brand--monies-arashi-necklace-2.webp,2
1-packshot-provided-by-brand--monies-aurelia-bracelet-1.webp,https://studiorxch.github.io/cdn/staging_flat/1-packshot-provided-by-brand--monies-aurelia-bracelet-1.webp,1
1-packshot-provided-by-brand--monies-aurelia-bracelet-2.webp,https://studiorxch.github.io/cdn/staging_flat/1-packshot-provided-by-brand--monies-aurelia-bracelet-2.webp,2
1-packshot-provided-by-brand--monies-bina-necklace-clearacrylic-1.webp,https://studiorxch.github.io/cdn/staging_flat/1-packshot-provided-by-brand--monies-bina-necklace-clearacrylic-1.webp,1
1-packshot-provided-by-brand--monies-bina-necklace-clearacrylic-2.webp,https://studiorxch.github.io/cdn/staging_flat/1-packshot-provided-by-brand--monies-bina-necklace-clearacrylic-2.webp,2
1-packshot-provided-by-brand--monies-bina-necklace-clearacrylic-3.webp,https://studiorxch.github.io/cdn/staging_flat/1-packshot-provided-by-brand--monies-bina-necklace-clearacrylic-3.webp,3
1-packshot-provided-by-brand--monies-bina-necklace-clearacrylic-4.webp,https://studiorxch.github.io/cdn/staging_flat/1-packshot-provided-by-brand--monies-bina-necklace-clearacrylic-4.webp,4
1-packshot-provided-by-brand--monies-bina-necklace-clearacrylic-5.webp,https://studiorxch.github.io/cdn/staging_flat/1-packshot-provided-by-brand--monies-bina-necklace-clearacrylic-5.webp,5
1-packshot-provided-by-brand--monies-canberry-necklace-goldfoil-and-blackleather-1.webp,https://studiorxch.github.io/cdn/staging_flat/1-packshot-provided-by-brand--monies-canberry-necklace-goldfoil-and-blackleather-1.webp,1
1-packshot-provided-by-brand--monies-canberry-necklace-goldfoil-and-blackleather-4.webp,https://studiorxch.github.io/cdn/staging_flat/1-packshot-provided-by-brand--monies-canberry-necklace-goldfoil-and-blackleather-4.webp,4
1-packshot-provided-by-brand--monies-catena-necklace-black-1.webp,https://studiorxch.github.io/cdn/staging_flat/1-packshot-provided-by-brand--monies-catena-necklace-black-1.webp,1
1-packshot-provided-by-brand--monies-catena-necklace-black-2.webp,https://studiorxch.github.io/cdn/staging_flat/1-packshot-provided-by-brand--monies-catena-necklace-black-2.webp,2
1-packshot-provided-by-brand--monies-catena-necklace-black-3.webp,https://studiorxch.github.io/cdn/staging_flat/1-packshot-provided-by-brand--monies-catena-necklace-black-3.webp,3
1-packshot-provided-by-brand--monies-catena-necklace-goldfoil-1.webp,https://studiorxch.github.io/cdn/staging_flat/1-packshot-provided-by-brand--monies-catena-necklace-goldfoil-1.webp,1
1-packshot-provided-by-brand--monies-catena-necklace-goldfoil-2.webp,https://studiorxch.github.io/cdn/staging_flat/1-packshot-provided-by-brand--monies-catena-necklace-goldfoil-2.webp,2
1-packshot-provided-by-brand--monies-catena-necklace-goldfoil-3.webp,https://studiorxch.github.io/cdn/staging_flat/1-packshot-provided-by-brand--monies-catena-necklace-goldfoil-3.webp,3
1-packshot-provided-by-brand--monies-charbon-necklace-baroquepearl-1.webp,https://studiorxch.github.io/cdn/staging_flat/1-packshot-provided-by-brand--monies-charbon-necklace-baroquepearl-1.webp,1
1-packshot-provided-by-brand--monies-charbon-necklace-baroquepearl-2.webp,https://studiorxch.github.io/cdn/staging_flat/1-packshot-provided-by-brand--monies-charbon-necklace-baroquepearl-2.webp,2
1-packshot-provided-by-brand--monies-delhi-necklace-black-acacia-1.webp,https://studiorxch.github.io/cdn/staging_flat/1-packshot-provided-by-brand--monies-delhi-necklace-black-acacia-1.webp,1
1-packshot-provided-by-brand--monies-dune-cufflinks-baroquepearl-1.webp,https://studiorxch.github.io/cdn/staging_flat/1-packshot-provided-by-brand--monies-dune-cufflinks-baroquepearl-1.webp,1
1-packshot-provided-by-brand--monies-dune-cufflinks-baroquepearl-2.webp,https://studiorxch.github.io/cdn/staging_flat/1-packshot-provided-by-brand--monies-dune-cufflinks-baroquepearl-2.webp,2
1-packshot-provided-by-brand--monies-dune-cufflinks-baroquepearl-3.webp,https://studiorxch.github.io/cdn/staging_flat/1-packshot-provided-by-brand--monies-dune-cufflinks-baroquepearl-3.webp,3
1-packshot-provided-by-brand--monies-elume-necklace-mountaincrystal-1.webp,https://studiorxch.github.io/cdn/staging_flat/1-packshot-provided-by-brand--monies-elume-necklace-mountaincrystal-1.webp,1
1-packshot-provided-by-brand--monies-elume-necklace-mountaincrystal-2.webp,https://studiorxch.github.io/cdn/staging_flat/1-packshot-provided-by-brand--monies-elume-necklace-mountaincrystal-2.webp,2
1-packshot-provided-by-brand--monies-elume-necklace-mountaincrystal-3.webp,https://studiorxch.github.io/cdn/staging_flat/1-packshot-provided-by-brand--monies-elume-necklace-mountaincrystal-3.webp,3
1-packshot-provided-by-brand--monies-greve-bracelet-baroquepearl-1.webp,https://studiorxch.github.io/cdn/staging_flat/1-packshot-provided-by-brand--monies-greve-bracelet-baroquepearl-1.webp,1
1-packshot-provided-by-brand--monies-greve-bracelet-baroquepearl-2.webp,https://studiorxch.github.io/cdn/staging_flat/1-packshot-provided-by-brand--monies-greve-bracelet-baroquepearl-2.webp,2
1-packshot-provided-by-brand--monies-greve-bracelet-baroquepearl-4.webp,https://studiorxch.github.io/cdn/staging_flat/1-packshot-provided-by-brand--monies-greve-bracelet-baroquepearl-4.webp,4
1-packshot-provided-by-brand--monies-habana-earring-black-1.webp,https://studiorxch.github.io/cdn/staging_flat/1-packshot-provided-by-brand--monies-habana-earring-black-1.webp,1
1-packshot-provided-by-brand--monies-habana-earring-black-2.webp,https://studiorxch.github.io/cdn/staging_flat/1-packshot-provided-by-brand--monies-habana-earring-black-2.webp,2
1-packshot-provided-by-brand--monies-habana-earring-black-4.webp,https://studiorxch.github.io/cdn/staging_flat/1-packshot-provided-by-brand--monies-habana-earring-black-4.webp,4
1-packshot-provided-by-brand--monies-habana-earring-clear-and-gold-1.webp,https://studiorxch.github.io/cdn/staging_flat/1-packshot-provided-by-brand--monies-habana-earring-clear-and-gold-1.webp,1
1-packshot-provided-by-brand--monies-habana-earring-clear-and-gold-2.webp,https://studiorxch.github.io/cdn/staging_flat/1-packshot-provided-by-brand--monies-habana-earring-clear-and-gold-2.webp,2
1-packshot-provided-by-brand--monies-habana-earring-gold-1.webp,https://studiorxch.github.io/cdn/staging_flat/1-packshot-provided-by-brand--monies-habana-earring-gold-1.webp,1
1-packshot-provided-by-brand--monies-habana-earring-gold-2.webp,https://studiorxch.github.io/cdn/staging_flat/1-packshot-provided-by-brand--monies-habana-earring-gold-2.webp,2
1-packshot-provided-by-brand--monies-habana-earring-gold-3.webp,https://studiorxch.github.io/cdn/staging_flat/1-packshot-provided-by-brand--monies-habana-earring-gold-3.webp,3
1-packshot-provided-by-brand--monies-luna-earring-black-1.webp,https://studiorxch.github.io/cdn/staging_flat/1-packshot-provided-by-brand--monies-luna-earring-black-1.webp,1
1-packshot-provided-by-brand--monies-luna-earring-black-2.webp,https://studiorxch.github.io/cdn/staging_flat/1-packshot-provided-by-brand--monies-luna-earring-black-2.webp,2
1-packshot-provided-by-brand--monies-lune-ring-baroquepearl-1.webp,https://studiorxch.github.io/cdn/staging_flat/1-packshot-provided-by-brand--monies-lune-ring-baroquepearl-1.webp,1
1-packshot-provided-by-brand--monies-lune-ring-baroquepearl-2.webp,https://studiorxch.github.io/cdn/staging_flat/1-packshot-provided-by-brand--monies-lune-ring-baroquepearl-2.webp,2
1-packshot-provided-by-brand--monies-lune-ring-baroquepearl-3.webp,https://studiorxch.github.io/cdn/staging_flat/1-packshot-provided-by-brand--monies-lune-ring-baroquepearl-3.webp,3
1-packshot-provided-by-brand--monies-lysea-necklace-baroquepearl-1.webp,https://studiorxch.github.io/cdn/staging_flat/1-packshot-provided-by-brand--monies-lysea-necklace-baroquepearl-1.webp,1
1-packshot-provided-by-brand--monies-lysea-necklace-baroquepearl-2.webp,https://studiorxch.github.io/cdn/staging_flat/1-packshot-provided-by-brand--monies-lysea-necklace-baroquepearl-2.webp,2
1-packshot-provided-by-brand--monies-lysea-necklace-baroquepearl-3.webp,https://studiorxch.github.io/cdn/staging_flat/1-packshot-provided-by-brand--monies-lysea-necklace-baroquepearl-3.webp,3
1-packshot-provided-by-brand--monies-nara-ring-black-1.webp,https://studiorxch.github.io/cdn/staging_flat/1-packshot-provided-by-brand--monies-nara-ring-black-1.webp,1
1-packshot-provided-by-brand--monies-nara-ring-black-2.webp,https://studiorxch.github.io/cdn/staging_flat/1-packshot-provided-by-brand--monies-nara-ring-black-2.webp,2
1-packshot-provided-by-brand--monies-samara-bracelet-black-1.webp,https://studiorxch.github.io/cdn/staging_flat/1-packshot-provided-by-brand--monies-samara-bracelet-black-1.webp,1
1-packshot-provided-by-brand--monies-samara-bracelet-black-2.webp,https://studiorxch.github.io/cdn/staging_flat/1-packshot-provided-by-brand--monies-samara-bracelet-black-2.webp,2
1-packshot-provided-by-brand--monies-samara-bracelet-black-3.webp,https://studiorxch.github.io/cdn/staging_flat/1-packshot-provided-by-brand--monies-samara-bracelet-black-3.webp,3
1-packshot-provided-by-brand--monies-samara-bracelet-gold-1.webp,https://studiorxch.github.io/cdn/staging_flat/1-packshot-provided-by-brand--monies-samara-bracelet-gold-1.webp,1
1-packshot-provided-by-brand--monies-samara-bracelet-gold-2.webp,https://studiorxch.github.io/cdn/staging_flat/1-packshot-provided-by-brand--monies-samara-bracelet-gold-2.webp,2
1-packshot-provided-by-brand--monies-sydney-necklace-clearacrylic-and-goldfoil-1.webp,https://studiorxch.github.io/cdn/staging_flat/1-packshot-provided-by-brand--monies-sydney-necklace-clearacrylic-and-goldfoil-1.webp,1
1-packshot-provided-by-brand--monies-sydney-necklace-clearacrylic-and-goldfoil-2.webp,https://studiorxch.github.io/cdn/staging_flat/1-packshot-provided-by-brand--monies-sydney-necklace-clearacrylic-and-goldfoil-2.webp,2
1-packshot-provided-by-brand--monies-sydney-necklace-clearacrylic-and-goldfoil-3.webp,https://studiorxch.github.io/cdn/staging_flat/1-packshot-provided-by-brand--monies-sydney-necklace-clearacrylic-and-goldfoil-3.webp,3
1-packshot-provided-by-brand--monies-tavira-ring-1.webp,https://studiorxch.github.io/cdn/staging_flat/1-packshot-provided-by-brand--monies-tavira-ring-1.webp,1
1-packshot-provided-by-brand--monies-tavira-ring-2.webp,https://studiorxch.github.io/cdn/staging_flat/1-packshot-provided-by-brand--monies-tavira-ring-2.webp,2
1-packshot-provided-by-brand--monies-tempest-necklace-1.webp,https://studiorxch.github.io/cdn/staging_flat/1-packshot-provided-by-brand--monies-tempest-necklace-1.webp,1
1-packshot-provided-by-brand--monies-tempest-necklace-2.webp,https://studiorxch.github.io/cdn/staging_flat/1-packshot-provided-by-brand--monies-tempest-necklace-2.webp,2
1-packshot-provided-by-brand--monies-thalia-bracelet-1.webp,https://studiorxch.github.io/cdn/staging_flat/1-packshot-provided-by-brand--monies-thalia-bracelet-1.webp,1
1-packshot-provided-by-brand--monies-thalia-bracelet-2.webp,https://studiorxch.github.io/cdn/staging_flat/1-packshot-provided-by-brand--monies-thalia-bracelet-2.webp,2
2-more-images-by-brand--questparis-singlet-black--1.webp,https://studiorxch.github.io/cdn/staging_flat/2-more-images-by-brand--questparis-singlet-black--1.webp,1
2-packshot-with-model-from-website--cdlp-m-boxer-brief-white-1b.webp,https://studiorxch.github.io/cdn/staging_flat/2-packshot-with-model-from-website--cdlp-m-boxer-brief-white-1b.webp,
2-packshot-with-model-from-website--cdlp-m-boxer-brief-white-3b.webp,https://studiorxch.github.io/cdn/staging_flat/2-packshot-with-model-from-website--cdlp-m-boxer-brief-white-3b.webp,
2-packshot-with-model-from-website--cdlp-m-boxer-trunk-black-1b.webp,https://studiorxch.github.io/cdn/staging_flat/2-packshot-with-model-from-website--cdlp-m-boxer-trunk-black-1b.webp,
2-packshot-with-model-from-website--cdlp-m-boxer-trunk-black-2b.webp,https://studiorxch.github.io/cdn/staging_flat/2-packshot-with-model-from-website--cdlp-m-boxer-trunk-black-2b.webp,
2-packshot-with-model-from-website--cdlp-m-boxer-trunk-black-3b.webp,https://studiorxch.github.io/cdn/staging_flat/2-packshot-with-model-from-website--cdlp-m-boxer-trunk-black-3b.webp,
2-packshot-with-model-from-website--cdlp-m-boxer-trunk-black-4b.webp,https://studiorxch.github.io/cdn/staging_flat/2-packshot-with-model-from-website--cdlp-m-boxer-trunk-black-4b.webp,
2-packshot-with-model-from-website--cdlp-m-swim-briefs-boxcut-botanicalmoss-1b.webp,https://studiorxch.github.io/cdn/staging_flat/2-packshot-with-model-from-website--cdlp-m-swim-briefs-boxcut-botanicalmoss-1b.webp,
2-packshot-with-model-from-website--cdlp-m-y-brief-black-1b.webp,https://studiorxch.github.io/cdn/staging_flat/2-packshot-with-model-from-website--cdlp-m-y-brief-black-1b.webp,
2-packshot-with-model-from-website--cdlp-m-y-brief-black-2b.webp,https://studiorxch.github.io/cdn/staging_flat/2-packshot-with-model-from-website--cdlp-m-y-brief-black-2b.webp,
2-packshot-with-model-from-website--cdlp-m-y-brief-black-3b.webp,https://studiorxch.github.io/cdn/staging_flat/2-packshot-with-model-from-website--cdlp-m-y-brief-black-3b.webp,
2-packshot-with-model-from-website--cdlp-m-y-brief-black-4b.webp,https://studiorxch.github.io/cdn/staging_flat/2-packshot-with-model-from-website--cdlp-m-y-brief-black-4b.webp,
2-packshot-with-model-from-website--cdlp-w-racer-swimsuit-black-1b.webp,https://studiorxch.github.io/cdn/staging_flat/2-packshot-with-model-from-website--cdlp-w-racer-swimsuit-black-1b.webp,
2-packshot-with-model-from-website--cdlp-w-racer-swimsuit-black-2b.webp,https://studiorxch.github.io/cdn/staging_flat/2-packshot-with-model-from-website--cdlp-w-racer-swimsuit-black-2b.webp,
2-packshot-with-model-from-website--cdlp-w-scoop-bralette-black-1b.webp,https://studiorxch.github.io/cdn/staging_flat/2-packshot-with-model-from-website--cdlp-w-scoop-bralette-black-1b.webp,
2-packshot-with-model-from-website--cdlp-w-scoop-bralette-black-2b.webp,https://studiorxch.github.io/cdn/staging_flat/2-packshot-with-model-from-website--cdlp-w-scoop-bralette-black-2b.webp,
2-packshot-with-model-from-website--cdlp-w-scoop-bralette-black-3b.webp,https://studiorxch.github.io/cdn/staging_flat/2-packshot-with-model-from-website--cdlp-w-scoop-bralette-black-3b.webp,
2-packshot-with-model-from-website--cdlp-w-scoop-bralette-black-4b.webp,https://studiorxch.github.io/cdn/staging_flat/2-packshot-with-model-from-website--cdlp-w-scoop-bralette-black-4b.webp,
2-packshot-with-model-from-website--cdlp-w-scoop-bralette-white-1b.webp,https://studiorxch.github.io/cdn/staging_flat/2-packshot-with-model-from-website--cdlp-w-scoop-bralette-white-1b.webp,
2-packshot-with-model-from-website--cdlp-w-square-neck-thong-swimsuits-slate-3b.webp,https://studiorxch.github.io/cdn/staging_flat/2-packshot-with-model-from-website--cdlp-w-square-neck-thong-swimsuits-slate-3b.webp,
2-packshot-with-model-from-website--cdlp-w-square-neck-thong-swimsuits-slate-4b.webp,https://studiorxch.github.io/cdn/staging_flat/2-packshot-with-model-from-website--cdlp-w-square-neck-thong-swimsuits-slate-4b.webp,
2-packshot-with-model-from-website--cdlp-w-swim-briefs-black-1b.webp,https://studiorxch.github.io/cdn/staging_flat/2-packshot-with-model-from-website--cdlp-w-swim-briefs-black-1b.webp,
2-packshot-with-model-from-website--cdlp-w-swim-briefs-black-2b.webp,https://studiorxch.github.io/cdn/staging_flat/2-packshot-with-model-from-website--cdlp-w-swim-briefs-black-2b.webp,
2-packshot-with-model-from-website--cdlp-w-triangle-bikini-top-black-1b.webp,https://studiorxch.github.io/cdn/staging_flat/2-packshot-with-model-from-website--cdlp-w-triangle-bikini-top-black-1b.webp,
2-packshot-with-model-from-website--cdlp-w-triangle-bikini-top-black-2b.webp,https://studiorxch.github.io/cdn/staging_flat/2-packshot-with-model-from-website--cdlp-w-triangle-bikini-top-black-2b.webp,
2-packshot-with-model-from-website--cdlp-w-triangle-bikini-top-black-3b.webp,https://studiorxch.github.io/cdn/staging_flat/2-packshot-with-model-from-website--cdlp-w-triangle-bikini-top-black-3b.webp,
2-packshot-with-model-from-website--cdlp-w-y-brief-black-1b.webp,https://studiorxch.github.io/cdn/staging_flat/2-packshot-with-model-from-website--cdlp-w-y-brief-black-1b.webp,
2-packshot-with-model-from-website--cdlp-w-y-brief-black-3b.webp,https://studiorxch.github.io/cdn/staging_flat/2-packshot-with-model-from-website--cdlp-w-y-brief-black-3b.webp,
2-packshot-with-model-from-website--cdlp-w-y-brief-black-4b.webp,https://studiorxch.github.io/cdn/staging_flat/2-packshot-with-model-from-website--cdlp-w-y-brief-black-4b.webp,
2-packshot-with-model-from-website--cdlp-w-y-brief-black-5b.webp,https://studiorxch.github.io/cdn/staging_flat/2-packshot-with-model-from-website--cdlp-w-y-brief-black-5b.webp,
2-packshot-with-model-from-website--cdlp-w-y-brief-black-6b.webp,https://studiorxch.github.io/cdn/staging_flat/2-packshot-with-model-from-website--cdlp-w-y-brief-black-6b.webp,
2-packshot-with-model-from-website--cdlp-w-y-brief-white-1b.webp,https://studiorxch.github.io/cdn/staging_flat/2-packshot-with-model-from-website--cdlp-w-y-brief-white-1b.webp,
2-packshot-with-model-from-website--cdlp-w-y-brief-white-2b.webp,https://studiorxch.github.io/cdn/staging_flat/2-packshot-with-model-from-website--cdlp-w-y-brief-white-2b.webp,
2-packshot-with-model-from-website--cdlp-w-y-brief-white-3b.webp,https://studiorxch.github.io/cdn/staging_flat/2-packshot-with-model-from-website--cdlp-w-y-brief-white-3b.webp,
2-packshot-with-model-from-website--cdlp-w-y-brief-white-4b.webp,https://studiorxch.github.io/cdn/staging_flat/2-packshot-with-model-from-website--cdlp-w-y-brief-white-4b.webp,
2-packshot-with-model-from-website--cdlp-w-y-brief-white-5b.webp,https://studiorxch.github.io/cdn/staging_flat/2-packshot-with-model-from-website--cdlp-w-y-brief-white-5b.webp,
2-packshot-with-model-from-website--cdlp-w-y-brief-white-6b.webp,https://studiorxch.github.io/cdn/staging_flat/2-packshot-with-model-from-website--cdlp-w-y-brief-white-6b.webp,
2-packshot-with-model-from-website--cdlp-w-y-brief-white-7b.webp,https://studiorxch.github.io/cdn/staging_flat/2-packshot-with-model-from-website--cdlp-w-y-brief-white-7b.webp,
2-packshot-with-model-from-website--cdlp-w-y-brief-white-8b.webp,https://studiorxch.github.io/cdn/staging_flat/2-packshot-with-model-from-website--cdlp-w-y-brief-white-8b.webp,
lazo-others--adrian-speedo-cow-2.webp,https://studiorxch.github.io/cdn/staging_flat/lazo-others--adrian-speedo-cow-2.webp,2
lazo-others--adrian-speedo-cow-3.webp,https://studiorxch.github.io/cdn/staging_flat/lazo-others--adrian-speedo-cow-3.webp,3
lazo-others--ariana-top-1.webp,https://studiorxch.github.io/cdn/staging_flat/lazo-others--ariana-top-1.webp,1
lazo-others--candy-merino-pants-1.webp,https://studiorxch.github.io/cdn/staging_flat/lazo-others--candy-merino-pants-1.webp,1
lazo-others--chad-merino-shorts-1.webp,https://studiorxch.github.io/cdn/staging_flat/lazo-others--chad-merino-shorts-1.webp,1
lazo-others--diana-bathing-suit-1.webp,https://studiorxch.github.io/cdn/staging_flat/lazo-others--diana-bathing-suit-1.webp,1
lazo-others--diana-bathing-suit-2.webp,https://studiorxch.github.io/cdn/staging_flat/lazo-others--diana-bathing-suit-2.webp,2
lazo-others--diana-bathing-suit-3.webp,https://studiorxch.github.io/cdn/staging_flat/lazo-others--diana-bathing-suit-3.webp,3
lazo-others--diana-bathing-suit-4.webp,https://studiorxch.github.io/cdn/staging_flat/lazo-others--diana-bathing-suit-4.webp,4
lazo-others--emma-tatoo-top-1.webp,https://studiorxch.github.io/cdn/staging_flat/lazo-others--emma-tatoo-top-1.webp,1
lazo-others--juan-breefs-1.webp,https://studiorxch.github.io/cdn/staging_flat/lazo-others--juan-breefs-1.webp,1
lazo-others--juan-breefs-2.webp,https://studiorxch.github.io/cdn/staging_flat/lazo-others--juan-breefs-2.webp,2
lazo-others--juan-breefs-3.webp,https://studiorxch.github.io/cdn/staging_flat/lazo-others--juan-breefs-3.webp,3
lazo-others--juan-breefs-4.webp,https://studiorxch.github.io/cdn/staging_flat/lazo-others--juan-breefs-4.webp,4
lazo-others--martin-body-1.webp,https://studiorxch.github.io/cdn/staging_flat/lazo-others--martin-body-1.webp,1
lazo-others--micky-biker-shorts-1.webp,https://studiorxch.github.io/cdn/staging_flat/lazo-others--micky-biker-shorts-1.webp,1
lazo-others--micky-biker-shorts-2.webp,https://studiorxch.github.io/cdn/staging_flat/lazo-others--micky-biker-shorts-2.webp,2
lazo-others--micky-biker-shorts-3.webp,https://studiorxch.github.io/cdn/staging_flat/lazo-others--micky-biker-shorts-3.webp,3
lazo-others--raphael-boxer-shorts-1.webp,https://studiorxch.github.io/cdn/staging_flat/lazo-others--raphael-boxer-shorts-1.webp,1
lazo-others--yonatan-pyjama-robe-1.webp,https://studiorxch.github.io/cdn/staging_flat/lazo-others--yonatan-pyjama-robe-1.webp,1
lazo-others--yonatan-pyjama-robe-2.webp,https://studiorxch.github.io/cdn/staging_flat/lazo-others--yonatan-pyjama-robe-2.webp,2
more--erotikon-box-1.webp,https://studiorxch.github.io/cdn/staging_flat/more--erotikon-box-1.webp,1
pigmentarium-adlibitum-1.webp--pigmentarium-adlibitum-1.webp,https://studiorxch.github.io/cdn/staging_flat/pigmentarium-adlibitum-1.webp--pigmentarium-adlibitum-1.webp,1
pigmentarium-azabache2-1.webp--pigmentarium-azabache2-1.webp,https://studiorxch.github.io/cdn/staging_flat/pigmentarium-azabache2-1.webp--pigmentarium-azabache2-1.webp,1
pigmentarium-brutal-1.webp--pigmentarium-brutal-1.webp,https://studiorxch.github.io/cdn/staging_flat/pigmentarium-brutal-1.webp--pigmentarium-brutal-1.webp,1
pigmentarium-erotikon-1.webp--pigmentarium-erotikon-1.webp,https://studiorxch.github.io/cdn/staging_flat/pigmentarium-erotikon-1.webp--pigmentarium-erotikon-1.webp,1
pigmentarium-genesis-1.webp--pigmentarium-genesis-1.webp,https://studiorxch.github.io/cdn/staging_flat/pigmentarium-genesis-1.webp--pigmentarium-genesis-1.webp,1
pigmentarium-murmur-1.webp--pigmentarium-murmur-1.webp,https://studiorxch.github.io/cdn/staging_flat/pigmentarium-murmur-1.webp--pigmentarium-murmur-1.webp,1
pigmentarium-oratorio-1.webp--pigmentarium-oratorio-1.webp,https://studiorxch.github.io/cdn/staging_flat/pigmentarium-oratorio-1.webp--pigmentarium-oratorio-1.webp,1
pigmentarium-paradiso-1.webp--pigmentarium-paradiso-1.webp,https://studiorxch.github.io/cdn/staging_flat/pigmentarium-paradiso-1.webp--pigmentarium-paradiso-1.webp,1
portrait--tomwood-anker-bracelet-1.webp,https://studiorxch.github.io/cdn/staging_flat/portrait--tomwood-anker-bracelet-1.webp,1
portrait--tomwood-box-bracelet-gold-1.webp,https://studiorxch.github.io/cdn/staging_flat/portrait--tomwood-box-bracelet-gold-1.webp,1
portrait--tomwood-box-chain-gold-1.webp,https://studiorxch.github.io/cdn/staging_flat/portrait--tomwood-box-chain-gold-1.webp,1
portrait--tomwood-cable-chain-1.webp,https://studiorxch.github.io/cdn/staging_flat/portrait--tomwood-cable-chain-1.webp,1
portrait--tomwood-classic-hoops-small-1.webp,https://studiorxch.github.io/cdn/staging_flat/portrait--tomwood-classic-hoops-small-1.webp,1
portrait--tomwood-classic-hoops-small-gold-1.webp,https://studiorxch.github.io/cdn/staging_flat/portrait--tomwood-classic-hoops-small-gold-1.webp,1
portrait--tomwood-curb-chain-slim-1.webp,https://studiorxch.github.io/cdn/staging_flat/portrait--tomwood-curb-chain-slim-1.webp,1
portrait--tomwood-ice-huggies-1.webp,https://studiorxch.github.io/cdn/staging_flat/portrait--tomwood-ice-huggies-1.webp,1
portrait--tomwood-kay-ring-1.webp,https://studiorxch.github.io/cdn/staging_flat/portrait--tomwood-kay-ring-1.webp,1
portrait--tomwood-kay-ring-satin-1.webp,https://studiorxch.github.io/cdn/staging_flat/portrait--tomwood-kay-ring-satin-1.webp,1
square--tomwood-anker-bracelet-square-1.webp,https://studiorxch.github.io/cdn/staging_flat/square--tomwood-anker-bracelet-square-1.webp,1
square--tomwood-box-bracelet-gold-square-1.webp,https://studiorxch.github.io/cdn/staging_flat/square--tomwood-box-bracelet-gold-square-1.webp,1
square--tomwood-box-chain-gold-square-1.webp,https://studiorxch.github.io/cdn/staging_flat/square--tomwood-box-chain-gold-square-1.webp,1
square--tomwood-cable-chain-square-1.webp,https://studiorxch.github.io/cdn/staging_flat/square--tomwood-cable-chain-square-1.webp,1
square--tomwood-classic-hoops-small-gold-square-1.webp,https://studiorxch.github.io/cdn/staging_flat/square--tomwood-classic-hoops-small-gold-square-1.webp,1
square--tomwood-classic-hoops-small-square-1.webp,https://studiorxch.github.io/cdn/staging_flat/square--tomwood-classic-hoops-small-square-1.webp,1
square--tomwood-curb-chain-slim-square-1.webp,https://studiorxch.github.io/cdn/staging_flat/square--tomwood-curb-chain-slim-square-1.webp,1
square--tomwood-ice-huggies-square-1.webp,https://studiorxch.github.io/cdn/staging_flat/square--tomwood-ice-huggies-square-1.webp,1
square--tomwood-kay-ring-satin-square-1.webp,https://studiorxch.github.io/cdn/staging_flat/square--tomwood-kay-ring-satin-square-1.webp,1
square--tomwood-kay-ring-square-1.webp,https://studiorxch.github.io/cdn/staging_flat/square--tomwood-kay-ring-square-1.webp,1
